{
    "modes": [
        {
            "index": 0,
            "strictly local log-evidence": 236.76237468370422,
            "strictly local log-evidence error": 0.42526061709978136,
            "local log-evidence": 236.76237468370422,
            "local log-evidence error": 0.42526061709978136,
            "mean": [
                14.662506207742002,
                16.142717607663116
            ],
            "sigma": [
                8.588108618504627,
                9.89620627855456
            ],
            "maximum": [
                18.84266753739252,
                18.848757741513857
            ],
            "maximum a posterior": [
                31.38550712628898,
                6.1420673502174905
            ]
        }
    ],
    "nested sampling global log-evidence": 235.92970012609882,
    "nested sampling global log-evidence error": 0.12318493362918399,
    "global evidence": 236.76237468370422,
    "global evidence error": 0.42526061709978136,
    "nested importance sampling global log-evidence": 236.76237468370422,
    "nested importance sampling global log-evidence error": 0.42526061709978136,
    "marginals": [
        {
            "median": 12.629940236850075,
            "sigma": 9.42504204080273,
            "1sigma": [
                6.24078349058947,
                25.09086757219493
            ],
            "2sigma": [
                0.05267985509024038,
                31.368767398472603
            ],
            "3sigma": [
                0.012233240804758166,
                31.414631032189728
            ],
            "5sigma": [
                0.0011748540514542897,
                31.415185161301906
            ],
            "q75%": 18.947893450658288,
            "q25%": 6.345661730820282,
            "q99%": 31.397032092564363,
            "q01%": 0.031459831564570495,
            "q90%": 25.19377279011613,
            "q10%": 6.142305584954938
        },
        {
            "median": 18.746700019381095,
            "sigma": 9.50320184178959,
            "1sigma": [
                6.210867959734597,
                25.217271643313776
            ],
            "2sigma": [
                0.043420379371228335,
                31.383667287581858
            ],
            "3sigma": [
                0.001277823367151702,
                31.412573219404933
            ],
            "5sigma": [
                6.097893623238062e-05,
                31.413847005382635
            ],
            "q75%": 25.11840313276304,
            "q25%": 6.311462525392009,
            "q99%": 31.402943197083044,
            "q01%": 0.019385455492796074,
            "q90%": 31.249863422837713,
            "q10%": 5.994077091242046
        }
    ]
}